userId,dataTrimitere,dataFinalizare,stareCerere,categorieCerere,comentariu,path,motivRespingere
0,2026-05-06T14:33:55.426Z,,finalizata,adeverintaStudent,,db/adeverinte/27e33fe833f5.adeverinta,
0,2026-05-06T15:56:50.699Z,,incarcataDeStudent,adeverintaMaster,,db/adeverinte/ec981ac942fa.adeverinta,
0,2026-05-07T06:51:56.623Z,,incarcataDeStudent,adeverintaStudent,,db/adeverinte/1bfde78ca0e3.adeverinta,
0,2026-05-07T07:13:12.246Z,,trimisaLaDecan,adeverintaStudent,,db/adeverinte/446732acf49f.adeverinta,
0,2026-05-09T20:36:28.690Z,,incarcataDeStudent,adeverintaStudent,Motiv student: am nevoie de ea.,db/adeverinte/sim_test.adeverinta,Lipseste stampila de la biblioteca.
2,2026-05-09T23:08:13.679Z,,incarcataDeStudent,adeverintaLicenta,,db/adeverinte/43ecc810c6f9.adeverinta,
2,2026-05-09T23:21:39.719Z,,incarcataDeStudent,adeverintaStudent,pt a servi la angajare,db/adeverinte/fdc212155819.adeverinta,
0,2026-05-09T23:41:46.092Z,,incarcataDeStudent,adeverintaStudent,bratosin-refuse-1778370106011,db/adeverinte/ff2baacb0bb8.adeverinta,
0,2026-05-09T23:41:46.290Z,,finalizata,adeverintaStudent,bratosin-confirm-1778370106288,db/adeverinte/915326708b01.adeverinta,
